{
	"FSunc": {
		"bTag_high": 1.317289811961848,
		"bTag_low": 1.2801297020178022,
		"cTag_high": 1.3548718392392674,
		"cTag_low": 1.0815500388223394,
		"tthTag": 2,
		"vhTag": 2,
		"vbfTag": 1.2184836002650028,
		"lTag_high": 1.4098774840431485,
		"lTag_low": 1.3636685877045234
	},
	"FSunc_band": [
		0.3172898119618479,
		0.2801297020178022,
		0.35487183923926735,
		0.08155003882233935,
		1,
		1,
		0.2184836002650028,
		0.4098774840431486,
		0.36366858770452337
	],
	"bH_4FS_M125_2018overbH_5FS_M125_2018_ratio": [
		0.6827101880381521,
		1.2801297020178022,
		0.6451281607607326,
		0.9184499611776606,
		27.242257413419814,
		4.619283921183646,
		1.2184836002650028,
		0.5901225159568514,
		0.6363314122954766
	],
	"bH_4FS_M125_2018_stat_err": [
		0.010527358898975759,
		0.028129969098144348,
		0.01431777683967382,
		0.0264663479993077,
		3.1869467591506964,
		1.9683472806235154,
		0.13324207089770904,
		0.00826391781219302,
		0.011920521916356794
	],
	"bH_5FS_M125_2018_stat_err": [
		0.005229710036857982,
		0.010303601330426498,
		0.007894232967556055,
		0.011832351474826799,
		0.39747531454167184,
		0.7363632665757143,
		0.052401144346343166,
		0.005306071917317385,
		0.006459301271104262
	]
}
