{
	"FSunc": {
		"bTag_high": 1.3214669112283168,
		"bTag_low": 1.3722259003868578,
		"cTag_high": 1.3309865813644761,
		"cTag_low": 1.0285518575322208,
		"tthTag": 2,
		"vhTag": 1.3613993705108016,
		"vbfTag": 1.0874869022888372,
		"lTag_high": 1.410498156594429,
		"lTag_low": 1.3435531167373946
	},
	"FSunc_band": [
		0.32146691122831683,
		0.37222590038685777,
		0.3309865813644761,
		0.02855185753222078,
		1,
		0.3613993705108016,
		0.08748690228883715,
		0.4104981565944289,
		0.34355311673739464
	],
	"bH_4FS_M125_2017overbH_5FS_M125_2017_ratio": [
		0.6785330887716832,
		1.3722259003868578,
		0.6690134186355239,
		0.9714481424677792,
		7.6890426464640145,
		0.6386006294891984,
		0.9125130977111628,
		0.5895018434055711,
		0.6564468832626054
	],
	"bH_4FS_M125_2017_stat_err": [
		0.01222452858605714,
		0.036446005786863855,
		0.016794405794608638,
		0.03468677619567358,
		1.51091512992627,
		1.9366038499786422,
		0.15376409632895255,
		0.00965659218196747,
		0.01570505384595417
	],
	"bH_5FS_M125_2017_stat_err": [
		0.005890167716021843,
		0.012605628935674112,
		0.00882168986824385,
		0.01447869468721886,
		0.2625954077238156,
		0.6124707727273168,
		0.06007628627361897,
		0.005892173104053685,
		0.008036761517641782
	]
}
