{
	"FSunc": {
		"bTag_high": 1.284594980719748,
		"bTag_low": 1.48457931977814,
		"cTag_high": 1.3536719856345587,
		"cTag_low": 1.0082560434743393,
		"tthTag": 2,
		"vhTag": 2.0,
		"vbfTag": 2,
		"lTag_high": 1.4115339190980518,
		"lTag_low": 1.274888875816903
	},
	"FSunc_band": [
		0.2845949807197481,
		0.48457931977814006,
		0.3536719856345587,
		0.00825604347433928,
		1,
		1.0,
		1,
		0.4115339190980519,
		0.274888875816903
	],
	"bH_4FS_M125_2016overbH_5FS_M125_2016_ratio": [
		0.7154050192802519,
		1.48457931977814,
		0.6463280143654413,
		1.0082560434743393,
		30.642538464862994,
		0.0,
		2.983704834997516,
		0.5884660809019481,
		0.725111124183097
	],
	"bH_4FS_M125_2016_stat_err": [
		0.01092540908191716,
		0.037789209094114616,
		0.013791785882494913,
		0.03508622913475128,
		5.136774239288059,
		0.0,
		0.5321188942968471,
		0.007616324949927632,
		0.016981150574812334
	],
	"bH_5FS_M125_2016_stat_err": [
		0.0051954338873765335,
		0.012739588243056738,
		0.007195090666464583,
		0.014116482061789936,
		0.5739089321864633,
		0.2901829597965611,
		0.14916198508827408,
		0.004581582919594717,
		0.008402704434367376
	]
}
