{
	"FSunc": {
		"bTag_high": 1.2527031661980514,
		"bTag_low": 1.1176408375839317,
		"cTag_high": 1.3005444766519583,
		"cTag_low": 1.031370244437948,
		"tthTag": 2,
		"vhTag": 2.0,
		"vbfTag": 2,
		"lTag_high": 1.3889427747930359,
		"lTag_low": 1.2203051347486036
	},
	"FSunc_band": [
		0.25270316619805144,
		0.11764083758393185,
		0.30054447665195816,
		0.031370244437948,
		1,
		1.0,
		1,
		0.38894277479303585,
		0.2203051347486037
	],
	"cH_3FS_M125_2016overcH_4FS_M125_2016_ratio": [
		0.7472968338019486,
		0.8823591624160682,
		0.6994555233480418,
		1.031370244437948,
		3.929334428680199,
		0.0,
		3.1780345918880513,
		0.6110572252069641,
		0.7796948652513963
	],
	"cH_3FS_M125_2016_stat_err": [
		0.0384972093787361,
		0.1169834523197718,
		0.022765327642484325,
		0.03860608999023435,
		3.0677559736810855,
		0.0,
		0.5076510459910283,
		0.007854231375727988,
		0.01634578979796294
	],
	"cH_4FS_M125_2016_stat_err": [
		0.014992775149039399,
		0.037152942130241666,
		0.008736858559526488,
		0.012248604531387292,
		1.0,
		0.729203462913365,
		0.11896595364560479,
		0.00324901021392978,
		0.00603078204098282
	]
}
