{
	"FSunc": {
		"bTag_high":1.3246121810321696,
		"bTag_low":1.0384083882429989,
		"cTag_high":1.2536535243238394,
		"cTag_low":1.0148152448339947,
		"tthTag":2,
		"vhTag":2,
		"vbfTag":1.314180323852258,
		"lTag_high":1.3985357734930948,
		"lTag_low":1.2758396462148034
	},
	"FSunc_band": [
		0.3246121810321696,
		0.03840838824299886,
		0.25365352432383936,
		0.014815244833994656,
		1,
		1,
		0.314180323852258,
		0.3985357734930949,
		0.2758396462148034
	],
	"cH_3FS_M125_2017overcH_4FS_M125_2017_ratio": [
		0.6753878189678304,
		1.0384083882429989,
		0.7463464756761606,
		1.0148152448339947,
		84.57663609039685,
		2.528199862627566,
		1.314180323852258,
		0.6014642265069051,
		0.7241603537851966
	],
	"cH_3FS_M125_2017_stat_err": [
		0.042555547431406195,
		0.1131287185160098,
		0.02403233394350627,
		0.03742105624498947,
		20.82721282896912,
		1.0783605936782432,
		0.12586672368228932,
		0.010012746906229521,
		0.016043713459525332
	],
	"cH_4FS_M125_2017_stat_err": [
		0.01686532634107751,
		0.035957228622052174,
		0.009300992960480082,
		0.011911195215792267,
		1.0,
		0.33450413228524734,
		0.03878584913236414,
		0.004150779723235319,
		0.00604229276044453
	]
}
