{
	"FSunc": {
		"bTag_high": 1.2906242573510962,
		"bTag_low": 1.268081417731025,
		"cTag_high": 1.3522902790084328,
		"cTag_low": 1.022598014219367,
		"tthTag": 2,
		"vhTag": 1.0041622405915291,
		"vbfTag": 1.090732350317611,
		"lTag_high": 1.3911270759020806,
		"lTag_low": 1.3044224638252118
	},
	"FSunc_band": [
		0.2906242573510962,
		0.2680814177310249,
		0.3522902790084327,
		0.022598014219366802,
		1,
		0.004162240591529143,
		0.09073235031761095,
		0.39112707590208073,
		0.3044224638252119
	],
	"cH_3FS_M125_2018overcH_4FS_M125_2018_ratio": [
		0.7093757426489038,
		1.268081417731025,
		0.6477097209915673,
		0.9774019857806332,
		9.114489616298878,
		1.0041622405915291,
		1.090732350317611,
		0.6088729240979193,
		0.6955775361747881
	],
	"cH_3FS_M125_2018_stat_err": [
		0.03706205674647362,
		0.0968511244120756,
		0.02092891490827942,
		0.03021360571654828,
		2.6260644497535726,
		0.578992928391136,
		0.10430311322705987,
		0.008463339636399019,
		0.012503642734567487
	],
	"cH_4FS_M125_2018_stat_err": [
		0.014640881851865021,
		0.029877105096901765,
		0.008101221192817287,
		0.009695388563129138,
		0.38755073034218185,
		0.2695831582988027,
		0.03380667317195601,
		0.0035089530822688146,
		0.004709822773410043
	]
}
