{
	"BDTunc_sig": {
		"bTag_high": 1.000332421931968763,
		"bTag_low": 1.005930091630850079,
		"cTag_high": 1.000332421931968763,
		"cTag_low": 1.005930091630850079,
		"lTag_high": 1.000332421931968763,
		"lTag_low": 1.005930091630850079
	},
	"BDTunc_tth": {
		"tthTag": 1.4575207770732096
	},
	"BDTunc_vh": {
		"vhTag": 1.12311846821911118
	},
	"BDTunc_vbf": {
		"vbfTag": 1.08943411628539992
	},
    "bH_5FS_M125_2017" : {},
    "cH_4FS_M125_2017" : {},
    "ggH_M125_2017" : {},
    "ttH_M125_2017" : {},
    "VH_M125_2017" : {},
    "VBF_M125_2017" : {},
    "THQ_M125_2017" : {},
    "THW_M125_2017" : {}
}
